epoch,train_loss,valid_loss,train_acc,valid_acc
-1,,,0.09090909090909091,0.09090909090909091
0,0.035189591348171234,0.03323093801736832,0.02393939393939394,0.01818181818181818
1,0.0326116681098938,0.030824922025203705,0.019696969696969695,0.01818181818181818
2,0.030316991731524467,0.02868892438709736,0.029696969696969697,0.02
3,0.02828708477318287,0.0268055759370327,0.03727272727272727,0.031818181818181815
4,0.02649879641830921,0.025151755660772324,0.05515151515151515,0.04363636363636364
5,0.024926908314228058,0.023701243102550507,0.05333333333333334,0.04
6,0.02354281023144722,0.02242688275873661,0.056666666666666664,0.04818181818181818
7,0.022322433069348335,0.02130480855703354,0.060909090909090906,0.05818181818181818
8,0.02124401554465294,0.020313890650868416,0.06787878787878789,0.07363636363636364
9,0.02028990536928177,0.019437866285443306,0.06636363636363636,0.08363636363636363
10,0.019443390890955925,0.01866041123867035,0.05848484848484849,0.06363636363636363
11,0.018702898174524307,0.017981430515646935,0.051515151515151514,0.05818181818181818
12,0.018085546791553497,0.017416970804333687,0.051515151515151514,0.053636363636363635
13,0.01752915233373642,0.01690700650215149,0.05,0.04818181818181818
14,0.017025688663125038,0.016444314271211624,0.045454545454545456,0.038181818181818185
15,0.016568485647439957,0.01602289080619812,0.044848484848484846,0.04090909090909091
16,0.01615230180323124,0.015638303011655807,0.044848484848484846,0.04090909090909091
17,0.01577216386795044,0.015286278910934925,0.04818181818181818,0.045454545454545456
18,0.015424305573105812,0.01496342197060585,0.04666666666666667,0.05090909090909091
19,0.015104353427886963,0.014666006900370121,0.04666666666666667,0.045454545454545456
20,0.014810176566243172,0.014391973614692688,0.04606060606060606,0.046363636363636364
21,0.014539260417222977,0.014139127917587757,0.04212121212121212,0.042727272727272725
22,0.014288771897554398,0.013904820196330547,0.04151515151515151,0.038181818181818185
23,0.014057036489248276,0.013687705621123314,0.04,0.04090909090909091
24,0.013842152431607246,0.01348613016307354,0.038181818181818185,0.04
25,0.013642655685544014,0.013298816047608852,0.04090909090909091,0.04909090909090909
26,0.01345689594745636,0.013124316930770874,0.04212121212121212,0.05181818181818182
27,0.013283727690577507,0.01296148169785738,0.04212121212121212,0.04727272727272727
28,0.013122008182108402,0.012809340842068195,0.044848484848484846,0.05181818181818182
29,0.012970784679055214,0.012666992843151093,0.046363636363636364,0.056363636363636366
30,0.012829344719648361,0.012533833272755146,0.04666666666666667,0.05454545454545454
31,0.012696432881057262,0.012408658862113953,0.04757575757575758,0.053636363636363635
32,0.012571587227284908,0.012291060760617256,0.04454545454545455,0.05090909090909091
33,0.012454052455723286,0.012180250138044357,0.04606060606060606,0.046363636363636364
34,0.012343307957053185,0.012075860984623432,0.043333333333333335,0.045454545454545456
35,0.01223866455256939,0.011977257207036018,0.04242424242424243,0.046363636363636364
36,0.012139741331338882,0.01188407838344574,0.04181818181818182,0.04909090909090909
37,0.012046054005622864,0.011795802041888237,0.04181818181818182,0.04727272727272727
38,0.011957095935940742,0.011711975559592247,0.04363636363636364,0.04818181818181818
39,0.011872602626681328,0.011632450856268406,0.044848484848484846,0.04727272727272727
40,0.011792280711233616,0.01155680138617754,0.04454545454545455,0.046363636363636364
41,0.011715827509760857,0.011484792456030846,0.04454545454545455,0.04818181818181818
42,0.01164277270436287,0.011415960267186165,0.044848484848484846,0.045454545454545456
43,0.011572889983654022,0.011350143700838089,0.04363636363636364,0.045454545454545456
44,0.01150592416524887,0.011287109926342964,0.04575757575757576,0.042727272727272725
45,0.011441563256084919,0.011226538568735123,0.04818181818181818,0.04
46,0.01137969084084034,0.011168341152369976,0.04818181818181818,0.04181818181818182
47,0.01132018119096756,0.011112384498119354,0.04666666666666667,0.04090909090909091
48,0.011262908577919006,0.011058596894145012,0.04818181818181818,0.042727272727272725
49,0.011207640171051025,0.011006684973835945,0.04696969696969697,0.04181818181818182
50,0.01115427352488041,0.010956594720482826,0.048484848484848485,0.042727272727272725
51,0.011102588847279549,0.01090811938047409,0.05,0.04454545454545455
52,0.011052512563765049,0.010861163958907127,0.051515151515151514,0.04818181818181818
53,0.011003939434885979,0.010815650224685669,0.052121212121212124,0.05
54,0.010956697165966034,0.010771399363875389,0.05303030303030303,0.05272727272727273
55,0.010910897515714169,0.0107285026460886,0.05272727272727273,0.053636363636363635
56,0.010866323485970497,0.010686703957617283,0.05181818181818182,0.053636363636363635
57,0.010822923853993416,0.010645991191267967,0.051515151515151514,0.05545454545454546
58,0.010780595242977142,0.01060628704726696,0.05,0.05272727272727273
59,0.010739236138761044,0.010567513294517994,0.0496969696969697,0.05181818181818182
60,0.010698910802602768,0.010529723949730396,0.04909090909090909,0.05181818181818182
61,0.01065975334495306,0.010493023321032524,0.04818181818181818,0.05090909090909091
62,0.010622147470712662,0.010457783006131649,0.04818181818181818,0.04909090909090909
63,0.010586578398942947,0.010424550622701645,0.0496969696969697,0.04909090909090909
64,0.01055175345391035,0.010392029769718647,0.04878787878787879,0.04727272727272727
65,0.010517600923776627,0.01036015059798956,0.048484848484848485,0.05
66,0.010484018363058567,0.010328808799386024,0.0496969696969697,0.05
67,0.010450948029756546,0.01029797364026308,0.0496969696969697,0.05090909090909091
68,0.010418407618999481,0.010267680510878563,0.05,0.05272727272727273
69,0.01038628164678812,0.010237820446491241,0.05090909090909091,0.04909090909090909
70,0.010354604572057724,0.010208388790488243,0.051515151515151514,0.05090909090909091
71,0.010323438793420792,0.010179378092288971,0.05090909090909091,0.05090909090909091
72,0.010292697697877884,0.010150725021958351,0.051515151515151514,0.05090909090909091
73,0.01026242133229971,0.010122528299689293,0.05090909090909091,0.05090909090909091
74,0.010232615284621716,0.010094810277223587,0.05090909090909091,0.05181818181818182
75,0.01020324882119894,0.010067518800497055,0.05121212121212121,0.05181818181818182
76,0.010174373164772987,0.010040640830993652,0.051515151515151514,0.05181818181818182
77,0.01014616247266531,0.01001437846571207,0.052121212121212124,0.05272727272727273
78,0.010119261220097542,0.009989320300519466,0.05181818181818182,0.05181818181818182
79,0.010092640295624733,0.00996450800448656,0.05181818181818182,0.053636363636363635
80,0.010066332295536995,0.009939971379935741,0.052121212121212124,0.053636363636363635
81,0.010040364228188992,0.009915722534060478,0.05272727272727273,0.053636363636363635
82,0.010014813393354416,0.009891863912343979,0.053636363636363635,0.056363636363636366
83,0.009989719837903976,0.009868429973721504,0.05303030303030303,0.06
84,0.009965327568352222,0.009845633991062641,0.05333333333333334,0.05909090909090909
85,0.009941697120666504,0.009823529981076717,0.05333333333333334,0.05909090909090909
86,0.009918559342622757,0.009801894426345825,0.05272727272727273,0.05818181818181818
87,0.009895974770188332,0.009780792519450188,0.05393939393939394,0.06272727272727273
88,0.009873664937913418,0.009759929031133652,0.05484848484848485,0.060909090909090906
89,0.009851837530732155,0.009739508852362633,0.05454545454545454,0.06181818181818182
90,0.009831659495830536,0.009720610454678535,0.05484848484848485,0.060909090909090906
91,0.009812779724597931,0.009702932089567184,0.05393939393939394,0.06272727272727273
92,0.009794240817427635,0.00968552939593792,0.05515151515151515,0.06272727272727273
93,0.009775928221642971,0.009668326005339622,0.05484848484848485,0.06181818181818182
94,0.0097578763961792,0.00965138990432024,0.056666666666666664,0.060909090909090906
95,0.009739963337779045,0.00963459350168705,0.056363636363636366,0.06
96,0.009722443297505379,0.009618159383535385,0.056363636363636366,0.06
97,0.009705238044261932,0.009602013975381851,0.056363636363636366,0.06
98,0.009688243269920349,0.009586065076291561,0.057272727272727274,0.06
99,0.009671375155448914,0.009570237249135971,0.05696969696969697,0.06
100,0.00965471938252449,0.009554632008075714,0.05696969696969697,0.06363636363636363
101,0.009638258256018162,0.009539199993014336,0.05757575757575758,0.06272727272727273
102,0.009621989913284779,0.009523963555693626,0.057272727272727274,0.06454545454545454
103,0.009605927392840385,0.009508900344371796,0.05757575757575758,0.06363636363636363
104,0.0095899673178792,0.009493954479694366,0.05757575757575758,0.06272727272727273
105,0.00957420188933611,0.009479189291596413,0.05787878787878788,0.06454545454545454
106,0.009558580815792084,0.009464550763368607,0.05787878787878788,0.06454545454545454
107,0.0095431013032794,0.009450037032365799,0.05818181818181818,0.06454545454545454
108,0.009527754038572311,0.009435649961233139,0.05818181818181818,0.06272727272727273
109,0.009512556716799736,0.009421397000551224,0.05818181818181818,0.06272727272727273
110,0.009497473016381264,0.009407246485352516,0.05787878787878788,0.06363636363636363
111,0.009482558816671371,0.009393241256475449,0.05818181818181818,0.06454545454545454
112,0.009467688389122486,0.009379283525049686,0.05818181818181818,0.06363636363636363
113,0.009453000500798225,0.009365489706397057,0.05848484848484849,0.06454545454545454
114,0.00943845883011818,0.009351821616292,0.05787878787878788,0.06454545454545454
115,0.009424088522791862,0.009338324889540672,0.05757575757575758,0.06363636363636363
116,0.009409808553755283,0.009324905462563038,0.05818181818181818,0.060909090909090906
117,0.009395638480782509,0.009311586618423462,0.05909090909090909,0.06181818181818182
118,0.009381622076034546,0.009298410266637802,0.059393939393939395,0.06272727272727273
119,0.009367652237415314,0.009285267442464828,0.058787878787878785,0.06272727272727273
120,0.009353803470730782,0.009272231720387936,0.059393939393939395,0.06181818181818182
121,0.009340094402432442,0.009259328246116638,0.06,0.060909090909090906
122,0.009326563216745853,0.009246598929166794,0.05909090909090909,0.060909090909090906
123,0.00931317638605833,0.00923401489853859,0.05909090909090909,0.060909090909090906
124,0.009299926459789276,0.009221558459103107,0.05848484848484849,0.06181818181818182
125,0.009287085384130478,0.009209600277245045,0.05848484848484849,0.06181818181818182
126,0.009274372830986977,0.009197738021612167,0.05757575757575758,0.060909090909090906
127,0.009261757135391235,0.009185981005430222,0.057272727272727274,0.06272727272727273
128,0.009249203838407993,0.009174284525215626,0.057272727272727274,0.06272727272727273
129,0.009236798621714115,0.00916271097958088,0.05787878787878788,0.06181818181818182
130,0.00922452937811613,0.00915122963488102,0.05848484848484849,0.06
131,0.009212348610162735,0.009139842353761196,0.05787878787878788,0.06
132,0.009200481697916985,0.009128719568252563,0.05787878787878788,0.06
133,0.009188861586153507,0.009117827750742435,0.05757575757575758,0.06181818181818182
134,0.009177323430776596,0.00910700112581253,0.05848484848484849,0.06272727272727273
135,0.009165843017399311,0.009096220135688782,0.05909090909090909,0.06272727272727273
136,0.00915452465415001,0.00908560212701559,0.0596969696969697,0.06454545454545454
137,0.009143122471868992,0.00907487515360117,0.0596969696969697,0.06363636363636363
138,0.009131886065006256,0.009064308367669582,0.0603030303030303,0.06545454545454546
139,0.009120713919401169,0.009053831920027733,0.0603030303030303,0.06909090909090909
140,0.009109562262892723,0.009043339639902115,0.060909090909090906,0.07090909090909091
141,0.009098506532609463,0.009032933041453362,0.060909090909090906,0.07
142,0.009087510406970978,0.00902257114648819,0.0603030303030303,0.07
143,0.009076597169041634,0.009012270718812943,0.06,0.07
144,0.00906574446707964,0.009002022445201874,0.059393939393939395,0.07090909090909091
145,0.009054934605956078,0.008991807699203491,0.0596969696969697,0.07
146,0.009044238366186619,0.008981677703559399,0.06,0.07090909090909091
147,0.009033570066094398,0.008971583098173141,0.06060606060606061,0.07090909090909091
148,0.009023037739098072,0.00896161887794733,0.06060606060606061,0.07272727272727272
149,0.009012432768940926,0.008951571770012379,0.06,0.07181818181818182
150,0.009001938626170158,0.008941632695496082,0.06121212121212121,0.07181818181818182
151,0.008991539478302002,0.008931783959269524,0.06181818181818182,0.07181818181818182
152,0.008981181308627129,0.008921977132558823,0.06121212121212121,0.07272727272727272
153,0.008970890194177628,0.008912233635783195,0.06212121212121212,0.07272727272727272
154,0.008960629813373089,0.00890250876545906,0.062424242424242424,0.07272727272727272
155,0.008950437419116497,0.008892863988876343,0.06121212121212121,0.07272727272727272
156,0.008940311148762703,0.008883262984454632,0.06212121212121212,0.07272727272727272
157,0.008930221199989319,0.008873702958226204,0.06272727272727273,0.07272727272727272
158,0.00892017874866724,0.008864191360771656,0.06303030303030303,0.07272727272727272
159,0.008910217322409153,0.008854750543832779,0.06333333333333334,0.07363636363636364
160,0.008900292217731476,0.008845318108797073,0.06333333333333334,0.07545454545454545
161,0.00889038946479559,0.008835926651954651,0.06454545454545454,0.07545454545454545
162,0.008880543522536755,0.008826578967273235,0.06575757575757575,0.07545454545454545
163,0.008870750665664673,0.008817294612526894,0.06666666666666667,0.07636363636363637
164,0.008861002512276173,0.008808051235973835,0.06636363636363636,0.07727272727272727
165,0.008851282298564911,0.008798814378678799,0.06727272727272728,0.07727272727272727
166,0.008841628208756447,0.008789656683802605,0.06727272727272728,0.07818181818181819
167,0.008832026273012161,0.008780532516539097,0.06727272727272728,0.07909090909090909
168,0.008822474628686905,0.008771460503339767,0.06696969696969697,0.08
169,0.008812978863716125,0.008762448094785213,0.06696969696969697,0.07909090909090909
170,0.008803464472293854,0.008753407746553421,0.06666666666666667,0.07818181818181819
171,0.008794051595032215,0.00874446053057909,0.06666666666666667,0.07818181818181819
172,0.00878467783331871,0.008735550567507744,0.06666666666666667,0.0809090909090909
173,0.008775321766734123,0.008726639673113823,0.06666666666666667,0.0809090909090909
174,0.008766012266278267,0.008717792108654976,0.06606060606060606,0.0809090909090909
175,0.008756756782531738,0.008708987385034561,0.06696969696969697,0.0809090909090909
176,0.008747546933591366,0.008700225502252579,0.06696969696969697,0.0809090909090909
177,0.008738359436392784,0.008691472932696342,0.06666666666666667,0.08
178,0.008729263208806515,0.008682812564074993,0.06666666666666667,0.0809090909090909
179,0.008720151148736477,0.008674112148582935,0.06727272727272728,0.08181818181818182
180,0.008711104281246662,0.008665474131703377,0.06757575757575758,0.08181818181818182
181,0.00870213657617569,0.008656891994178295,0.06757575757575758,0.0809090909090909
182,0.008693167008459568,0.00864832941442728,0.06878787878787879,0.08
183,0.008684245869517326,0.008639815263450146,0.06878787878787879,0.0809090909090909
184,0.008675385266542435,0.008631342090666294,0.06878787878787879,0.0809090909090909
185,0.008666573092341423,0.008622929453849792,0.0696969696969697,0.08181818181818182
186,0.008657773956656456,0.008614500984549522,0.06909090909090909,0.08272727272727273
187,0.0086490074172616,0.008606133051216602,0.06909090909090909,0.08454545454545455
188,0.008640301413834095,0.00859781727194786,0.0696969696969697,0.08454545454545455
189,0.008631589822471142,0.008589482866227627,0.07,0.08454545454545455
190,0.008622948080301285,0.008581217378377914,0.07,0.08454545454545455
191,0.00861435104161501,0.008572982624173164,0.07181818181818182,0.08545454545454545
192,0.008605806156992912,0.008564782328903675,0.07121212121212121,0.08454545454545455
193,0.008597264066338539,0.00855659693479538,0.07121212121212121,0.08454545454545455
194,0.008588770404458046,0.008548455312848091,0.07181818181818182,0.08363636363636363
195,0.008580336347222328,0.008540356531739235,0.07242424242424242,0.08363636363636363
196,0.008571907877922058,0.008532289415597916,0.07242424242424242,0.08272727272727273
197,0.00856349989771843,0.008524230681359768,0.07212121212121213,0.08363636363636363
198,0.008555162698030472,0.008516229689121246,0.07272727272727272,0.08363636363636363
199,0.008546867407858372,0.008508260361850262,0.07333333333333333,0.08454545454545455
200,0.008538583293557167,0.008500316180288792,0.07424242424242425,0.08818181818181818
201,0.008530366234481335,0.008492425084114075,0.07393939393939394,0.08727272727272728
202,0.0085221566259861,0.008484555408358574,0.07303030303030303,0.08727272727272728
203,0.008513984270393848,0.00847671553492546,0.07424242424242425,0.08727272727272728
204,0.008505850099027157,0.008468907326459885,0.07515151515151515,0.08818181818181818
205,0.008497781120240688,0.008461151272058487,0.07454545454545454,0.08727272727272728
206,0.008489696308970451,0.008453408256173134,0.07484848484848484,0.08727272727272728
207,0.008481664583086967,0.008445711806416512,0.07545454545454545,0.08818181818181818
208,0.008473671041429043,0.008438038639724255,0.07575757575757576,0.08818181818181818
209,0.008465699851512909,0.00843039620667696,0.07606060606060606,0.08636363636363636
210,0.00845777615904808,0.008422787301242352,0.07575757575757576,0.08636363636363636
211,0.0084498580545187,0.00841521006077528,0.07575757575757576,0.08636363636363636
212,0.008441965095698833,0.008407622575759888,0.07575757575757576,0.08727272727272728
213,0.008434103801846504,0.0084000825881958,0.07575757575757576,0.0890909090909091
214,0.008426273241639137,0.008392543531954288,0.07606060606060606,0.0890909090909091
215,0.008418446406722069,0.008385032415390015,0.07636363636363637,0.0890909090909091
216,0.008410646580159664,0.008377524092793465,0.07727272727272727,0.09
217,0.008402887731790543,0.008370054885745049,0.07818181818181819,0.09
218,0.008395137265324593,0.008362600579857826,0.07848484848484849,0.09181818181818181
219,0.0083874287083745,0.00835516769438982,0.07848484848484849,0.09181818181818181
220,0.008379727602005005,0.008347747847437859,0.07818181818181819,0.09181818181818181
221,0.008372066542506218,0.008340372703969479,0.07878787878787878,0.09181818181818181
222,0.008364425040781498,0.008333002217113972,0.0796969696969697,0.09181818181818181
223,0.008356808684766293,0.008325671777129173,0.08,0.09363636363636364
224,0.008349206298589706,0.008318353444337845,0.0803030303030303,0.09363636363636364
225,0.008341660723090172,0.008311072364449501,0.08,0.09363636363636364
226,0.00833410769701004,0.008303789421916008,0.08151515151515151,0.09363636363636364
227,0.008326583541929722,0.008296534419059753,0.0809090909090909,0.09363636363636364
228,0.008319075219333172,0.008289296180009842,0.08121212121212121,0.09363636363636364
229,0.008311678655445576,0.008282178081572056,0.08212121212121212,0.09363636363636364
230,0.008304359391331673,0.008275077678263187,0.08272727272727273,0.09363636363636364
231,0.008297106251120567,0.008268076926469803,0.08303030303030302,0.09181818181818181
232,0.00828991923481226,0.008261139504611492,0.08363636363636363,0.09181818181818181
233,0.008282768540084362,0.008254236541688442,0.08393939393939394,0.09272727272727273
234,0.00827555451542139,0.008247246965765953,0.08424242424242424,0.09272727272727273
235,0.008268440142273903,0.008240371942520142,0.08575757575757575,0.09363636363636364
236,0.008261328563094139,0.008233480155467987,0.08666666666666667,0.09363636363636364
237,0.008254218846559525,0.008226619102060795,0.08575757575757575,0.09454545454545454
238,0.008247163146734238,0.008219805546104908,0.08545454545454545,0.09454545454545454
239,0.008240090683102608,0.00821295753121376,0.08575757575757575,0.09363636363636364
240,0.008233061991631985,0.008206162601709366,0.08575757575757575,0.09363636363636364
241,0.008226016536355019,0.00819936953485012,0.08636363636363636,0.09636363636363636
242,0.00821902509778738,0.008192615583539009,0.08727272727272728,0.09636363636363636
243,0.008212082087993622,0.008185913786292076,0.08727272727272728,0.09636363636363636
244,0.008205113932490349,0.008179177530109882,0.08757575757575757,0.09727272727272727
245,0.008198196068406105,0.008172477595508099,0.0890909090909091,0.09727272727272727
246,0.008191298693418503,0.008165806531906128,0.08969696969696969,0.09727272727272727
247,0.008184411562979221,0.008159146644175053,0.09,0.09727272727272727
248,0.008177531883120537,0.008152496069669724,0.0890909090909091,0.09727272727272727
249,0.008170688524842262,0.00814588088542223,0.08848484848484849,0.09727272727272727
250,0.008163866586983204,0.008139279671013355,0.08848484848484849,0.09545454545454546
251,0.008157070726156235,0.00813270267099142,0.08757575757575757,0.09454545454545454
252,0.008150271140038967,0.008126132190227509,0.08787878787878788,0.09363636363636364
253,0.008143503218889236,0.008119581267237663,0.08818181818181818,0.09454545454545454
254,0.008136761374771595,0.008113052695989609,0.08818181818181818,0.09545454545454546
255,0.008130015805363655,0.0081065334379673,0.08787878787878788,0.09454545454545454
256,0.00812332984060049,0.008100051432847977,0.08696969696969697,0.09454545454545454
257,0.008116617798805237,0.008093574084341526,0.08727272727272728,0.09454545454545454
258,0.008109936490654945,0.00808711163699627,0.08757575757575757,0.09545454545454546
259,0.008103297092020512,0.008080681785941124,0.08787878787878788,0.09727272727272727
260,0.008096646517515182,0.008074261248111725,0.08787878787878788,0.09545454545454546
261,0.008090042509138584,0.008067871443927288,0.08848484848484849,0.09636363636363636
262,0.008083442226052284,0.008061487227678299,0.08787878787878788,0.09727272727272727
263,0.008076846599578857,0.008055116049945354,0.08787878787878788,0.09818181818181818
264,0.00807030126452446,0.008048785850405693,0.08757575757575757,0.09818181818181818
265,0.008063766174018383,0.008042457513511181,0.08696969696969697,0.09818181818181818
266,0.008057251572608948,0.00803615152835846,0.08666666666666667,0.09727272727272727
267,0.00805075652897358,0.008029861375689507,0.08696969696969697,0.09727272727272727
268,0.008044285699725151,0.008023588918149471,0.08696969696969697,0.09727272727272727
269,0.00803782232105732,0.008017330430448055,0.08636363636363636,0.09727272727272727
270,0.008031384088099003,0.008011091500520706,0.08666666666666667,0.09818181818181818
271,0.008025093004107475,0.008004964329302311,0.08666666666666667,0.09909090909090909
272,0.008018910884857178,0.007998950779438019,0.08696969696969697,0.09727272727272727
273,0.008012654259800911,0.00799284316599369,0.08696969696969697,0.09727272727272727
274,0.008006465621292591,0.007986795157194138,0.08727272727272728,0.09727272727272727
275,0.008000334724783897,0.00798081699758768,0.08818181818181818,0.09909090909090909
276,0.007994233630597591,0.007974867708981037,0.08787878787878788,0.1
277,0.007988140918314457,0.007968914695084095,0.08818181818181818,0.1009090909090909
278,0.007982107810676098,0.007962999865412712,0.08787878787878788,0.09727272727272727
279,0.007976040244102478,0.007957079447805882,0.08787878787878788,0.09818181818181818
280,0.007970010861754417,0.007951182313263416,0.08757575757575757,0.09818181818181818
281,0.00796397216618061,0.0079452870413661,0.08848484848484849,0.09818181818181818
282,0.007957955822348595,0.007939406670629978,0.08848484848484849,0.09909090909090909
283,0.007951952517032623,0.007933544926345348,0.0890909090909091,0.09909090909090909
284,0.007945992052555084,0.007927712053060532,0.0890909090909091,0.09818181818181818
285,0.007940053008496761,0.007921898737549782,0.0893939393939394,0.09909090909090909
286,0.007934060879051685,0.00791606493294239,0.09,0.09909090909090909
287,0.007928119972348213,0.007910257205367088,0.09,0.1
288,0.007922187447547913,0.007904460653662682,0.08969696969696969,0.1
289,0.007916279137134552,0.007898686453700066,0.09,0.1009090909090909
290,0.007910389453172684,0.00789293460547924,0.0903030303030303,0.1009090909090909
291,0.00790455099195242,0.007887236773967743,0.0906060606060606,0.10272727272727272
292,0.007898659445345402,0.007881472818553448,0.09151515151515152,0.10272727272727272
293,0.00789283961057663,0.007875782437622547,0.09212121212121212,0.10272727272727272
294,0.007886987179517746,0.00787004642188549,0.09212121212121212,0.10272727272727272
295,0.007881177589297295,0.00786435604095459,0.09212121212121212,0.10272727272727272
296,0.007875381968915462,0.007858678698539734,0.09333333333333334,0.10272727272727272
297,0.007869589142501354,0.007853010669350624,0.09363636363636364,0.10272727272727272
298,0.00786379911005497,0.007847350090742111,0.09393939393939393,0.10363636363636364
299,0.00785805843770504,0.007841723039746284,0.09454545454545454,0.10454545454545454
300,0.007852303795516491,0.007836101576685905,0.09424242424242424,0.10545454545454545
301,0.007846571505069733,0.007830492220818996,0.09454545454545454,0.10363636363636364
302,0.007840866222977638,0.007824902422726154,0.09515151515151515,0.10363636363636364
303,0.007835197262465954,0.00781935453414917,0.09454545454545454,0.10545454545454545
304,0.007829520851373672,0.007813787087798119,0.09454545454545454,0.10545454545454545
305,0.007823838852345943,0.007808211259543896,0.09393939393939393,0.10636363636363637
306,0.007818182930350304,0.007802661973983049,0.09484848484848485,0.10636363636363637
307,0.007812549360096455,0.007797130383551121,0.09515151515151515,0.10727272727272727
308,0.007806895300745964,0.007791589945554733,0.09515151515151515,0.10727272727272727
309,0.0078013017773628235,0.00778608676046133,0.09515151515151515,0.11
310,0.007795687764883041,0.007780585903674364,0.09515151515151515,0.11
311,0.007790113799273968,0.007775116711854935,0.09545454545454546,0.11
312,0.007784512359648943,0.007769596762955189,0.09606060606060605,0.11
313,0.007778964936733246,0.007764137350022793,0.09636363636363636,0.11
314,0.0077734170481562614,0.00775869470089674,0.09696969696969697,0.11090909090909092
315,0.007767881732434034,0.007753246463835239,0.09727272727272727,0.10909090909090909
316,0.007762367837131023,0.007747826166450977,0.09848484848484848,0.10909090909090909
317,0.007756892591714859,0.007742428220808506,0.09878787878787879,0.10818181818181818
318,0.007751418277621269,0.007737039588391781,0.09909090909090909,0.10818181818181818
319,0.0077459122985601425,0.007731638383120298,0.09909090909090909,0.10818181818181818
320,0.007740443572402,0.007726266048848629,0.09909090909090909,0.10818181818181818
321,0.007735011167824268,0.007720915600657463,0.09878787878787879,0.10818181818181818
322,0.007729590870440006,0.007715579587966204,0.09878787878787879,0.10909090909090909
323,0.007724178954958916,0.007710253819823265,0.09909090909090909,0.10909090909090909
324,0.0077187903225421906,0.007704943418502808,0.0993939393939394,0.10909090909090909
325,0.007713430095463991,0.0076996805146336555,0.0993939393939394,0.10909090909090909
326,0.007708033546805382,0.007694361265748739,0.0996969696969697,0.10818181818181818
327,0.007702677510678768,0.007689084392040968,0.1003030303030303,0.10818181818181818
328,0.007697366178035736,0.007683871779590845,0.1,0.10818181818181818
329,0.0076920036226511,0.007678567431867123,0.1,0.10818181818181818
330,0.00768667459487915,0.007673332467675209,0.1006060606060606,0.10818181818181818
331,0.007681369781494141,0.007668104022741318,0.1,0.10818181818181818
332,0.007676080800592899,0.007662879768759012,0.1,0.10727272727272727
333,0.007670802995562553,0.007657676003873348,0.1,0.10818181818181818
334,0.007665541954338551,0.00765248853713274,0.0996969696969697,0.10818181818181818
335,0.00766028044745326,0.007647289428859949,0.0993939393939394,0.10909090909090909
336,0.007655055727809668,0.007642132695764303,0.09878787878787879,0.10909090909090909
337,0.007649825420230627,0.007636955939233303,0.0996969696969697,0.11
338,0.0076446328312158585,0.007631819229573011,0.09909090909090909,0.11
339,0.007639413699507713,0.007626677863299847,0.0993939393939394,0.11090909090909092
340,0.007634293753653765,0.007621632888913155,0.0996969696969697,0.11090909090909092
341,0.007629073224961758,0.007616459392011166,0.09878787878787879,0.11
342,0.007623943965882063,0.007611383683979511,0.1,0.11
343,0.00761876255273819,0.0076062846928834915,0.1,0.11
344,0.007613660767674446,0.007601249031722546,0.1006060606060606,0.11
345,0.0076085226610302925,0.007596171461045742,0.1009090909090909,0.11181818181818182
346,0.007603412494063377,0.007591121830046177,0.1009090909090909,0.11181818181818182
347,0.007598339579999447,0.007586102932691574,0.1006060606060606,0.11181818181818182
348,0.007593240588903427,0.007581070065498352,0.1009090909090909,0.11090909090909092
349,0.007588174659758806,0.0075760530307888985,0.1009090909090909,0.11090909090909092
350,0.0075830863788723946,0.00757103506475687,0.1009090909090909,0.11090909090909092
351,0.007578035816550255,0.007566042244434357,0.1006060606060606,0.11090909090909092
352,0.007572996895760298,0.0075610605999827385,0.1006060606060606,0.11090909090909092
353,0.0075679863803088665,0.0075561110861599445,0.1,0.11
354,0.007562985643744469,0.007551149465143681,0.0996969696969697,0.11090909090909092
355,0.007557952776551247,0.007546185981482267,0.0993939393939394,0.11181818181818182
356,0.007552972994744778,0.007541257422417402,0.0996969696969697,0.11090909090909092
357,0.007547984831035137,0.007536334916949272,0.0996969696969697,0.11272727272727273
358,0.007543010171502829,0.007531426846981049,0.0996969696969697,0.11272727272727273
359,0.007538073230534792,0.007526538334786892,0.0996969696969697,0.11272727272727273
360,0.0075331078842282295,0.007521644234657288,0.09848484848484848,0.11272727272727273
361,0.007528187707066536,0.007516774814575911,0.09878787878787879,0.11363636363636363
362,0.007523247506469488,0.0075119007378816605,0.09848484848484848,0.11363636363636363
363,0.007518360391259193,0.0075070858001708984,0.09818181818181818,0.11454545454545455
364,0.0075134895741939545,0.007502274587750435,0.09818181818181818,0.11363636363636363
365,0.0075085898861289024,0.007497433573007584,0.09757575757575758,0.11363636363636363
366,0.007503756321966648,0.007492663338780403,0.09757575757575758,0.11181818181818182
367,0.007498887833207846,0.007487858179956675,0.09727272727272727,0.11090909090909092
368,0.007494066841900349,0.007483108434826136,0.09757575757575758,0.11090909090909092
369,0.0074893031269311905,0.007478420622646809,0.09757575757575758,0.11181818181818182
370,0.007484593894332647,0.007473785895854235,0.09757575757575758,0.11454545454545455
371,0.00747991306707263,0.007469186559319496,0.09636363636363636,0.11454545454545455
372,0.007475233171135187,0.007464593276381493,0.09666666666666666,0.11363636363636363
373,0.007470582611858845,0.0074600218795239925,0.09575757575757576,0.11272727272727273
374,0.007465928792953491,0.007455463521182537,0.09515151515151515,0.11363636363636363
375,0.007461275905370712,0.007450895383954048,0.09484848484848485,0.11363636363636363
376,0.007456636521965265,0.007446335628628731,0.09484848484848485,0.11363636363636363
377,0.007452011574059725,0.007441789843142033,0.09363636363636364,0.11090909090909092
378,0.007447398267686367,0.0074372561648488045,0.09363636363636364,0.11
379,0.007442799396812916,0.007432734128087759,0.09393939393939393,0.10818181818181818
380,0.007438202388584614,0.0074282181449234486,0.09333333333333334,0.10727272727272727
381,0.007433634251356125,0.007423699367791414,0.09303030303030303,0.10636363636363637
382,0.007429036311805248,0.007419181521981955,0.09272727272727273,0.10636363636363637
383,0.007424475159496069,0.007414689287543297,0.09212121212121212,0.10545454545454545
384,0.007419940549880266,0.007410224061459303,0.09151515151515152,0.10545454545454545
385,0.007415404077619314,0.007405733224004507,0.09151515151515152,0.10545454545454545
386,0.00741085410118103,0.0074012549594044685,0.09121212121212122,0.10545454545454545
387,0.007406335324048996,0.007396800443530083,0.0906060606060606,0.10545454545454545
388,0.007401819806545973,0.007392353378236294,0.09,0.10545454545454545
389,0.0073973266407847404,0.007387913763523102,0.0903030303030303,0.10636363636363637
390,0.00739284697920084,0.007383501157164574,0.0903030303030303,0.10636363636363637
391,0.007388356141746044,0.00737907737493515,0.0903030303030303,0.10545454545454545
392,0.007383881136775017,0.007374666631221771,0.09121212121212122,0.10545454545454545
393,0.007379396818578243,0.007370234467089176,0.09181818181818181,0.10545454545454545
394,0.0073749590665102005,0.0073658376932144165,0.09181818181818181,0.10545454545454545
395,0.007370488252490759,0.007361436262726784,0.09181818181818181,0.10545454545454545
396,0.007366061210632324,0.007357057183980942,0.09151515151515152,0.10636363636363637
397,0.007361616939306259,0.007352673448622227,0.09151515151515152,0.10636363636363637
398,0.007357197348028421,0.007348315324634314,0.09151515151515152,0.10636363636363637
399,0.007352796383202076,0.0073439739644527435,0.09151515151515152,0.10363636363636364
400,0.0073483651503920555,0.007339585572481155,0.09181818181818181,0.10363636363636364
401,0.007343977224081755,0.007335229776799679,0.09212121212121212,0.10363636363636364
402,0.0073395841754972935,0.007330883294343948,0.09212121212121212,0.10363636363636364
403,0.00733519159257412,0.007326536811888218,0.09181818181818181,0.10363636363636364
404,0.007330830208957195,0.007322208024561405,0.09242424242424242,0.10454545454545454
405,0.007326467894017696,0.0073178960010409355,0.09333333333333334,0.10181818181818182
406,0.007322121411561966,0.007313575595617294,0.09363636363636364,0.1009090909090909
407,0.007317766547203064,0.007309271953999996,0.09272727272727273,0.1009090909090909
408,0.007313426584005356,0.0073049841448664665,0.09272727272727273,0.1009090909090909
409,0.007309103850275278,0.007300705183297396,0.09212121212121212,0.1
410,0.007304801605641842,0.007296453230082989,0.09181818181818181,0.09909090909090909
411,0.007300460245460272,0.007292150519788265,0.09151515151515152,0.1009090909090909
412,0.007296198979020119,0.0072879483923316,0.09121212121212122,0.1009090909090909
413,0.007291851565241814,0.007283635437488556,0.09090909090909091,0.1009090909090909
414,0.007287566550076008,0.007279404439032078,0.0906060606060606,0.1009090909090909
415,0.007283265236765146,0.007275157608091831,0.0903030303030303,0.1009090909090909
416,0.0072790030390024185,0.007270919159054756,0.0903030303030303,0.1
417,0.007274707779288292,0.00726669654250145,0.0903030303030303,0.1
418,0.00727043254300952,0.00726245017722249,0.0906060606060606,0.1
419,0.007266172673553228,0.007258232682943344,0.09,0.1
420,0.0072619132697582245,0.007254022639244795,0.09,0.10181818181818182
421,0.007257669698446989,0.0072498200461268425,0.0903030303030303,0.10181818181818182
422,0.007253426127135754,0.0072456179186701775,0.09,0.1009090909090909
423,0.007249212823808193,0.007241434417665005,0.09,0.1
424,0.007244976237416267,0.007237246725708246,0.09090909090909091,0.10181818181818182
425,0.007240766193717718,0.007233073003590107,0.0906060606060606,0.10272727272727272
426,0.007236550562083721,0.007228896953165531,0.08969696969696969,0.10272727272727272
427,0.007232380099594593,0.007224750705063343,0.09,0.10272727272727272
428,0.007228170055896044,0.0072206067852675915,0.0903030303030303,0.10272727272727272
429,0.007223986089229584,0.007216460537165403,0.0906060606060606,0.10272727272727272
430,0.007219819352030754,0.007212336640805006,0.0906060606060606,0.10272727272727272
431,0.007215648889541626,0.007208207622170448,0.0906060606060606,0.10272727272727272
432,0.0072115035727620125,0.007204100489616394,0.0903030303030303,0.1009090909090909
433,0.007207352668046951,0.007199998013675213,0.09,0.10181818181818182
434,0.007203232496976852,0.007195920683443546,0.0906060606060606,0.1009090909090909
435,0.0071991123259067535,0.007191835902631283,0.0906060606060606,0.1009090909090909
436,0.007194992620497942,0.007187749724835157,0.0903030303030303,0.1009090909090909
437,0.007190890610218048,0.007183685898780823,0.0906060606060606,0.1009090909090909
438,0.007186815142631531,0.0071796514093875885,0.09,0.1009090909090909
439,0.007182708475738764,0.00717557780444622,0.0893939393939394,0.1
440,0.00717867910861969,0.007171554025262594,0.0893939393939394,0.10181818181818182
441,0.007174553815275431,0.00716749019920826,0.08878787878787879,0.10272727272727272
442,0.007170482072979212,0.007163464091718197,0.08969696969696969,0.10272727272727272
443,0.007166431285440922,0.007159440778195858,0.0893939393939394,0.10272727272727272
444,0.007162387948483229,0.007155444473028183,0.0893939393939394,0.10272727272727272
445,0.0071583520621061325,0.0071514202281832695,0.0890909090909091,0.10272727272727272
446,0.007154293358325958,0.0071474178694188595,0.08969696969696969,0.10363636363636364
447,0.0071502625942230225,0.007143418770283461,0.0893939393939394,0.10272727272727272
448,0.007146231364458799,0.007139435037970543,0.0893939393939394,0.10272727272727272
449,0.007142252754420042,0.007135503925383091,0.08969696969696969,0.10181818181818182
450,0.007138209417462349,0.007131493650376797,0.0903030303030303,0.10272727272727272
451,0.007134235464036465,0.0071275318041443825,0.0903030303030303,0.10454545454545454
452,0.007130208425223827,0.007123567163944244,0.0906060606060606,0.10454545454545454
453,0.007126258686184883,0.007119667716324329,0.09151515151515152,0.10636363636363637
454,0.007122254930436611,0.00711568258702755,0.09212121212121212,0.10636363636363637
455,0.007118269335478544,0.007111744023859501,0.09242424242424242,0.10545454545454545
456,0.007114308886229992,0.007107839919626713,0.09181818181818181,0.10454545454545454
457,0.007110332138836384,0.00710389856249094,0.09181818181818181,0.10454545454545454
458,0.007106390781700611,0.007099992595613003,0.09212121212121212,0.10636363636363637
459,0.007102438248693943,0.0070960912853479385,0.09242424242424242,0.10636363636363637
460,0.00709852110594511,0.007092196494340897,0.09212121212121212,0.10636363636363637
461,0.007094601169228554,0.007088314276188612,0.09242424242424242,0.10909090909090909
462,0.007090667262673378,0.00708442647010088,0.09272727272727273,0.10727272727272727
463,0.0070867715403437614,0.007080556824803352,0.09303030303030303,0.10727272727272727
464,0.007082882337272167,0.007076697424054146,0.09363636363636364,0.10727272727272727
465,0.00707897637039423,0.007072831504046917,0.09363636363636364,0.10818181818181818
466,0.007075096480548382,0.007068982347846031,0.09393939393939393,0.10818181818181818
467,0.007071247324347496,0.007065155077725649,0.09424242424242424,0.10818181818181818
468,0.007067401427775621,0.007061362732201815,0.09424242424242424,0.10818181818181818
469,0.007063540630042553,0.007057519163936377,0.09454545454545454,0.10909090909090909
470,0.007059699855744839,0.007053733337670565,0.09484848484848485,0.11
471,0.007055841386318207,0.007049914915114641,0.09575757575757576,0.11090909090909092
472,0.007052029948681593,0.007046131417155266,0.09545454545454546,0.11181818181818182
473,0.007048195227980614,0.007042346987873316,0.09575757575757576,0.11272727272727273
474,0.007044392637908459,0.007038578391075134,0.09575757575757576,0.11363636363636363
475,0.007040604017674923,0.007034819107502699,0.09636363636363636,0.11363636363636363
476,0.007036794442683458,0.007031065411865711,0.09636363636363636,0.11454545454545455
477,0.0070329993031919,0.007027303799986839,0.09636363636363636,0.11545454545454545
478,0.007029235363006592,0.0070235892198979855,0.09666666666666666,0.11454545454545455
479,0.007025472354143858,0.007019842974841595,0.09696969696969697,0.11545454545454545
480,0.007021673955023289,0.007016105577349663,0.09727272727272727,0.11636363636363636
481,0.007017914205789566,0.007012380287051201,0.09848484848484848,0.11727272727272728
482,0.007014159113168716,0.007008664309978485,0.0993939393939394,0.11818181818181818
483,0.007010411471128464,0.007004954852163792,0.09909090909090909,0.11818181818181818
484,0.007006661035120487,0.0070012519136071205,0.0993939393939394,0.12
485,0.007002933882176876,0.006997563410550356,0.1006060606060606,0.12
486,0.006999246776103973,0.0069938842207193375,0.10151515151515152,0.12090909090909091
487,0.006995507515966892,0.00699018407613039,0.10151515151515152,0.12090909090909091
488,0.006991786882281303,0.006986506283283234,0.1009090909090909,0.12090909090909091
489,0.006988083012402058,0.00698284525424242,0.10151515151515152,0.12090909090909091
490,0.006984394043684006,0.006979185622185469,0.10212121212121213,0.12181818181818181
491,0.006980723701417446,0.006975548341870308,0.10181818181818182,0.12181818181818181
492,0.006977059878408909,0.006971932016313076,0.10151515151515152,0.12181818181818181
493,0.006973384413868189,0.00696828868240118,0.10151515151515152,0.12272727272727273
494,0.00696974340826273,0.006964689586311579,0.10181818181818182,0.12181818181818181
495,0.006966104730963707,0.0069610802456736565,0.10212121212121213,0.12090909090909091
496,0.006962479092180729,0.006957495119422674,0.10242424242424242,0.12090909090909091
497,0.0069588469341397285,0.006953919306397438,0.10212121212121213,0.12
498,0.006955236196517944,0.006950346287339926,0.10212121212121213,0.12
499,0.0069516245275735855,0.006946796551346779,0.10151515151515152,0.12
500,0.006948036607354879,0.0069432612508535385,0.10151515151515152,0.12
501,0.0069444612599909306,0.0069397445768117905,0.10151515151515152,0.11818181818181818
502,0.006940847262740135,0.006936181336641312,0.10121212121212121,0.11818181818181818
503,0.006937275640666485,0.0069326553493738174,0.10121212121212121,0.11818181818181818
504,0.006933712400496006,0.0069291358813643456,0.10121212121212121,0.11727272727272728
505,0.0069301314651966095,0.006925632245838642,0.1006060606060606,0.11636363636363636
506,0.0069265845231711864,0.006922144442796707,0.1003030303030303,0.11727272727272728
507,0.006923002190887928,0.006918610073626041,0.1006060606060606,0.11818181818181818
508,0.006919455248862505,0.006915115285664797,0.1003030303030303,0.11818181818181818
509,0.0069159106351435184,0.006911637727171183,0.1003030303030303,0.11818181818181818
510,0.006912394426763058,0.006908178795129061,0.1006060606060606,0.11818181818181818
511,0.006908820942044258,0.006904660724103451,0.1006060606060606,0.11818181818181818
512,0.006905300542712212,0.006901193410158157,0.1006060606060606,0.1190909090909091
513,0.006901758722960949,0.006897708401083946,0.1009090909090909,0.1190909090909091
514,0.0068982550874352455,0.006894244812428951,0.1009090909090909,0.1190909090909091
515,0.006894751451909542,0.006890785880386829,0.1006060606060606,0.1190909090909091
516,0.006891206838190556,0.006887316238135099,0.1006060606060606,0.1190909090909091
517,0.006887694355100393,0.006883865222334862,0.10121212121212121,0.1190909090909091
518,0.006884192116558552,0.006880420260131359,0.10121212121212121,0.12
519,0.0068806870840489864,0.006876974366605282,0.10121212121212121,0.12
520,0.006877188105136156,0.006873534061014652,0.10181818181818182,0.12181818181818181
521,0.006873720325529575,0.0068701268173754215,0.10121212121212121,0.12272727272727273
522,0.006870228797197342,0.006866678595542908,0.10242424242424242,0.12090909090909091
523,0.006866736337542534,0.006863255053758621,0.10212121212121213,0.12090909090909091
524,0.006863255053758621,0.006859833374619484,0.10272727272727272,0.12
525,0.006859786342829466,0.006856425665318966,0.10242424242424242,0.12
526,0.006856330670416355,0.0068530309945344925,0.10272727272727272,0.1190909090909091
527,0.006852884776890278,0.006849628873169422,0.10242424242424242,0.11818181818181818
528,0.006849412806332111,0.006846230942755938,0.10242424242424242,0.1190909090909091
529,0.006845972500741482,0.006842846982181072,0.10242424242424242,0.1190909090909091
530,0.006842528469860554,0.006839470937848091,0.10272727272727272,0.1190909090909091
531,0.006839084438979626,0.006836078129708767,0.10272727272727272,0.11818181818181818
532,0.0068356674164533615,0.006832705810666084,0.10272727272727272,0.11818181818181818
533,0.0068322233855724335,0.006829327903687954,0.10303030303030303,0.11818181818181818
534,0.006828773766756058,0.006825949996709824,0.10333333333333333,0.1190909090909091
535,0.0068253627978265285,0.006822595838457346,0.10303030303030303,0.1190909090909091
536,0.0068219443783164024,0.006819234229624271,0.10393939393939394,0.1190909090909091
537,0.006818538531661034,0.006815883331000805,0.10393939393939394,0.11818181818181818
538,0.006815122440457344,0.006812526844441891,0.10393939393939394,0.11727272727272728
539,0.006811740808188915,0.006809203885495663,0.10363636363636364,0.11727272727272728
540,0.006808342412114143,0.006805865094065666,0.10424242424242425,0.11727272727272728
541,0.006804932840168476,0.00680250721052289,0.10363636363636364,0.11636363636363636
542,0.006801548879593611,0.006799179129302502,0.10393939393939394,0.11545454545454545
543,0.006798159331083298,0.00679585337638855,0.10393939393939394,0.11727272727272728
544,0.006794784218072891,0.006792535074055195,0.10393939393939394,0.11727272727272728
545,0.006791409105062485,0.006789227947592735,0.10393939393939394,0.11727272727272728
546,0.006788059137761593,0.006785918492823839,0.10393939393939394,0.11727272727272728
547,0.0067846872843801975,0.006782620679587126,0.10363636363636364,0.11727272727272728
548,0.00678133312612772,0.0067793200723826885,0.10363636363636364,0.11727272727272728
549,0.006777978967875242,0.006776035763323307,0.10363636363636364,0.11636363636363636
550,0.0067746397107839584,0.006772759836167097,0.10333333333333333,0.11636363636363636
551,0.0067712897434830666,0.006769460625946522,0.10333333333333333,0.11636363636363636
552,0.006767954211682081,0.006766198202967644,0.10393939393939394,0.11727272727272728
553,0.006764603778719902,0.006762901321053505,0.10363636363636364,0.11636363636363636
554,0.006761323194950819,0.006759651005268097,0.10272727272727272,0.11727272727272728
555,0.006757970899343491,0.006756361573934555,0.10333333333333333,0.11636363636363636
556,0.006754642352461815,0.006753099150955677,0.10333333333333333,0.11636363636363636
557,0.0067513263784348965,0.0067498330026865005,0.10333333333333333,0.11636363636363636
558,0.00674802903085947,0.0067465826869010925,0.10333333333333333,0.11636363636363636
559,0.006744725629687309,0.0067433519288897514,0.10363636363636364,0.11727272727272728
560,0.0067414091899991035,0.006740079261362553,0.10363636363636364,0.11727272727272728
561,0.0067381178960204124,0.006736846175044775,0.10272727272727272,0.11727272727272728
562,0.006734848953783512,0.006733628921210766,0.10272727272727272,0.11818181818181818
563,0.006731573957949877,0.006730395369231701,0.10272727272727272,0.11818181818181818
564,0.006728282663971186,0.006727167405188084,0.10303030303030303,0.11818181818181818
565,0.006724999286234379,0.006723958998918533,0.10303030303030303,0.11818181818181818
566,0.006721713114529848,0.006720735225826502,0.10333333333333333,0.11818181818181818
567,0.006718451157212257,0.0067175282165408134,0.10333333333333333,0.11727272727272728
568,0.006715213879942894,0.006714335642755032,0.10303030303030303,0.11818181818181818
569,0.006711937952786684,0.006711124442517757,0.10333333333333333,0.11727272727272728
570,0.006708682514727116,0.006707942113280296,0.10363636363636364,0.11727272727272728
571,0.006705423351377249,0.006704729050397873,0.10363636363636364,0.11636363636363636
572,0.006702173501253128,0.006701548118144274,0.10424242424242425,0.11818181818181818
573,0.006698929704725742,0.006698361597955227,0.10454545454545454,0.11818181818181818
574,0.006695667747408152,0.006695170886814594,0.10393939393939394,0.11818181818181818
575,0.006692434661090374,0.0066919950768351555,0.10424242424242425,0.1190909090909091
576,0.006689185276627541,0.006688838824629784,0.10424242424242425,0.1190909090909091
577,0.006685971282422543,0.00668569840490818,0.10393939393939394,0.1190909090909091
578,0.006682689301669598,0.006682468578219414,0.10303030303030303,0.12
579,0.006679452955722809,0.006679294630885124,0.10272727272727272,0.1190909090909091
580,0.006676220800727606,0.00667613185942173,0.10272727272727272,0.1190909090909091
581,0.006673010997474194,0.006672964431345463,0.10333333333333333,0.1190909090909091
582,0.006669764872640371,0.006669789552688599,0.10303030303030303,0.1190909090909091
583,0.006666536442935467,0.006666622124612331,0.10333333333333333,0.12
584,0.006663329899311066,0.006663460284471512,0.10393939393939394,0.1190909090909091
585,0.006660144310444593,0.006660305429250002,0.10333333333333333,0.1190909090909091
586,0.006656914949417114,0.006657131947577,0.10303030303030303,0.1190909090909091
587,0.006653704680502415,0.00665395800024271,0.10333333333333333,0.11818181818181818
588,0.006650498136878014,0.006650787778198719,0.10393939393939394,0.11818181818181818
589,0.0066472673788666725,0.0066475882194936275,0.10393939393939394,0.11818181818181818
590,0.006644058041274548,0.0066444166004657745,0.10333333333333333,0.1190909090909091
591,0.006640878971666098,0.00664125569164753,0.10303030303030303,0.11818181818181818
592,0.006637678015977144,0.0066381217911839485,0.10303030303030303,0.1190909090909091
593,0.006634451448917389,0.006634918972849846,0.10303030303030303,0.11727272727272728
594,0.006631254218518734,0.0066317543387413025,0.10333333333333333,0.11545454545454545
595,0.006628070957958698,0.006628589704632759,0.10333333333333333,0.11545454545454545
596,0.006624896544963121,0.0066254353150725365,0.10333333333333333,0.11545454545454545
597,0.00662167277187109,0.006622252985835075,0.10272727272727272,0.11545454545454545
598,0.0066184974275529385,0.006619099527597427,0.10303030303030303,0.11545454545454545
599,0.006615316495299339,0.006615933030843735,0.10333333333333333,0.11545454545454545
600,0.0066121360287070274,0.006612798664718866,0.10363636363636364,0.11545454545454545
601,0.006608943454921246,0.006609633564949036,0.10333333333333333,0.11636363636363636
602,0.006605771370232105,0.006606494542211294,0.10333333333333333,0.11545454545454545
603,0.006602616980671883,0.006603359244763851,0.10303030303030303,0.11636363636363636
604,0.006599439308047295,0.006600209046155214,0.10303030303030303,0.11636363636363636
605,0.0065962933003902435,0.00659707747399807,0.10303030303030303,0.11636363636363636
606,0.0065931230783462524,0.006593945436179638,0.10303030303030303,0.11727272727272728
607,0.006589969620108604,0.0065908185206353664,0.10303030303030303,0.11636363636363636
608,0.006586843635886908,0.006587706506252289,0.10303030303030303,0.11636363636363636
609,0.006583689711987972,0.006584595888853073,0.10303030303030303,0.11636363636363636
610,0.006580552086234093,0.006581478752195835,0.10272727272727272,0.11636363636363636
611,0.006577423773705959,0.006578377448022366,0.10272727272727272,0.11545454545454545
612,0.006574316415935755,0.006575309671461582,0.10272727272727272,0.11454545454545455
613,0.006571175996214151,0.006572185084223747,0.10303030303030303,0.11454545454545455
614,0.0065680621191859245,0.006569094955921173,0.10303030303030303,0.11272727272727273
615,0.006564946845173836,0.006566014606505632,0.10333333333333333,0.11272727272727273
616,0.0065618352964520454,0.006562935188412666,0.10363636363636364,0.11181818181818182
617,0.006558731198310852,0.006559833884239197,0.10393939393939394,0.11181818181818182
618,0.006555609405040741,0.006556740961968899,0.10393939393939394,0.11181818181818182
619,0.006552533246576786,0.006553667597472668,0.10454545454545454,0.11181818181818182
620,0.006549435202032328,0.006550588179379702,0.10484848484848484,0.11181818181818182
621,0.006546327844262123,0.006547517608851194,0.10484848484848484,0.11181818181818182
622,0.006543240509927273,0.006544459145516157,0.10515151515151515,0.11090909090909092
623,0.0065401531755924225,0.006541368551552296,0.10545454545454545,0.11
624,0.0065370528027415276,0.006538305431604385,0.10515151515151515,0.11
625,0.006533974315971136,0.006535247899591923,0.10575757575757576,0.11
626,0.006530896760523319,0.006532189901918173,0.10545454545454545,0.11
627,0.006527838297188282,0.0065291570499539375,0.10575757575757576,0.11
628,0.0065247612074017525,0.0065261125564575195,0.10575757575757576,0.11
629,0.006521696224808693,0.006523053161799908,0.10606060606060606,0.11
630,0.0065186237916350365,0.0065200189128518105,0.10666666666666667,0.10909090909090909
631,0.006515581626445055,0.006517002359032631,0.10727272727272727,0.11
632,0.006512532010674477,0.006513986736536026,0.10727272727272727,0.11
633,0.0065095024183392525,0.0065109943971037865,0.10727272727272727,0.11
634,0.006506480276584625,0.00650800671428442,0.10757575757575757,0.11
635,0.00650342833250761,0.006504973862320185,0.10757575757575757,0.11
636,0.006500416435301304,0.006501979660242796,0.10757575757575757,0.10909090909090909
637,0.0064973849803209305,0.00649899709969759,0.10727272727272727,0.10909090909090909
638,0.006494361907243729,0.006495995447039604,0.10727272727272727,0.10909090909090909
639,0.006491372361779213,0.006493022665381432,0.10757575757575757,0.11
640,0.006488371640443802,0.006490045227110386,0.10757575757575757,0.11
641,0.006485356949269772,0.0064870622009038925,0.10787878787878788,0.11090909090909092
642,0.0064823562279343605,0.0064840903505682945,0.10787878787878788,0.11090909090909092
643,0.006479392293840647,0.0064811669290065765,0.10787878787878788,0.11090909090909092
644,0.006476399954408407,0.006478185299783945,0.10787878787878788,0.11090909090909092
645,0.006473497487604618,0.0064753321930766106,0.10787878787878788,0.11181818181818182
646,0.006470494903624058,0.006472347304224968,0.10787878787878788,0.11181818181818182
647,0.006467561237514019,0.006469442509114742,0.10818181818181818,0.11181818181818182
648,0.0064646415412425995,0.006466548889875412,0.10787878787878788,0.11181818181818182
649,0.006461898796260357,0.006463879719376564,0.10787878787878788,0.11272727272727273
650,0.006459222175180912,0.0064612701535224915,0.10818181818181818,0.11181818181818182
651,0.006456534378230572,0.0064586759544909,0.10818181818181818,0.11272727272727273
652,0.006453832145780325,0.006456046365201473,0.10787878787878788,0.11363636363636363
653,0.0064511485397815704,0.006453432142734528,0.10727272727272727,0.11454545454545455
654,0.006448478437960148,0.0064508384093642235,0.10757575757575757,0.11454545454545455
655,0.0064458176493644714,0.006448258645832539,0.10787878787878788,0.11363636363636363
656,0.0064431484788656235,0.00644563976675272,0.10787878787878788,0.11363636363636363
657,0.006440464872866869,0.006443037185817957,0.10787878787878788,0.11363636363636363
658,0.006437817122787237,0.0064404550939798355,0.10818181818181818,0.11363636363636363
659,0.006435152143239975,0.006437866948544979,0.10848484848484849,0.11363636363636363
660,0.0064324913546442986,0.006435278803110123,0.10787878787878788,0.11363636363636363
661,0.0064298552460968494,0.0064327227883040905,0.10727272727272727,0.11363636363636363
662,0.006427224259823561,0.006430140696465969,0.10696969696969696,0.11363636363636363
663,0.00642457464709878,0.006427586078643799,0.10666666666666667,0.11363636363636363
664,0.006421917118132114,0.006424992345273495,0.10666666666666667,0.11272727272727273
665,0.006419291719794273,0.0064224316738545895,0.10666666666666667,0.11272727272727273
666,0.006416669115424156,0.006419871002435684,0.10666666666666667,0.11363636363636363
667,0.006414031609892845,0.006417320109903812,0.10727272727272727,0.11272727272727273
668,0.006411411799490452,0.0064147659577429295,0.10727272727272727,0.11272727272727273
669,0.006408796180039644,0.006412203423678875,0.10727272727272727,0.11272727272727273
670,0.006406193599104881,0.0064096599817276,0.10727272727272727,0.11363636363636363
671,0.006403613835573196,0.006407125853002071,0.10666666666666667,0.11272727272727273
672,0.0064009735360741615,0.006404587998986244,0.10727272727272727,0.11363636363636363
673,0.006398364435881376,0.006402036175131798,0.10727272727272727,0.11363636363636363
674,0.006395776756107807,0.0063995057716965675,0.10696969696969696,0.11363636363636363
675,0.0063931685872375965,0.006396976299583912,0.10696969696969696,0.11363636363636363
676,0.006390577182173729,0.00639444962143898,0.10696969696969696,0.11181818181818182
677,0.006387998349964619,0.006391939707100391,0.10696969696969696,0.11181818181818182
678,0.006385416258126497,0.006389431655406952,0.10696969696969696,0.11272727272727273
679,0.006382830440998077,0.006386905908584595,0.10696969696969696,0.11272727272727273
680,0.006380283273756504,0.006384395994246006,0.10757575757575757,0.11272727272727273
681,0.0063776723109185696,0.006381874904036522,0.10727272727272727,0.11272727272727273
682,0.006375129334628582,0.006379398051649332,0.10696969696969696,0.11272727272727273
683,0.006372539326548576,0.006376873701810837,0.10757575757575757,0.11272727272727273
684,0.006370016373693943,0.0063743870705366135,0.10727272727272727,0.11272727272727273
685,0.006367417052388191,0.006371879018843174,0.10666666666666667,0.11272727272727273
686,0.006364856846630573,0.006369377486407757,0.10666666666666667,0.11272727272727273
687,0.006362348794937134,0.006366902031004429,0.10636363636363637,0.11272727272727273
688,0.006359796971082687,0.006364413071423769,0.10636363636363637,0.11272727272727273
689,0.00635723490267992,0.006361948326230049,0.10666666666666667,0.11363636363636363
690,0.006354673765599728,0.00635943841189146,0.10636363636363637,0.11363636363636363
691,0.006352146156132221,0.006356961093842983,0.10636363636363637,0.11272727272727273
692,0.006349586881697178,0.0063544767908751965,0.10666666666666667,0.11454545454545455
693,0.006347064860165119,0.0063520148396492004,0.10666666666666667,0.11454545454545455
694,0.006344533525407314,0.006349536124616861,0.10696969696969696,0.11454545454545455
695,0.006342009641230106,0.0063470760360360146,0.10666666666666667,0.11454545454545455
696,0.006339515559375286,0.006344648078083992,0.10666666666666667,0.11454545454545455
697,0.006336983293294907,0.006342156324535608,0.10636363636363637,0.11363636363636363
698,0.006334466394037008,0.006339700892567635,0.10696969696969696,0.11363636363636363
699,0.006331955548375845,0.006337258033454418,0.10666666666666667,0.11363636363636363
700,0.006329448893666267,0.0063348072580993176,0.10666666666666667,0.11363636363636363
701,0.0063269538804888725,0.006332376040518284,0.10636363636363637,0.11363636363636363
702,0.006324433721601963,0.006329918280243874,0.10606060606060606,0.11363636363636363
703,0.006321962457150221,0.006327502429485321,0.10606060606060606,0.11363636363636363
704,0.00631947536021471,0.00632508797571063,0.10575757575757576,0.11363636363636363
705,0.006316965911537409,0.006322619505226612,0.10545454545454545,0.11363636363636363
706,0.006314478348940611,0.006320205517113209,0.10606060606060606,0.11272727272727273
707,0.006311996839940548,0.006317776162177324,0.10606060606060606,0.11363636363636363
708,0.006309516727924347,0.006315368693321943,0.10606060606060606,0.11363636363636363
709,0.006307058036327362,0.006312946323305368,0.10545454545454545,0.11181818181818182
710,0.006304559763520956,0.006310530938208103,0.10545454545454545,0.11272727272727273
711,0.00630209781229496,0.006308114156126976,0.10575757575757576,0.11181818181818182
712,0.00629962794482708,0.006305702030658722,0.10606060606060606,0.11181818181818182
713,0.006297157146036625,0.006303293630480766,0.10636363636363637,0.11181818181818182
714,0.006294713821262121,0.006300891749560833,0.10636363636363637,0.11090909090909092
715,0.006292247213423252,0.006298488471657038,0.10606060606060606,0.11181818181818182
716,0.006289788521826267,0.006296093575656414,0.10575757575757576,0.11181818181818182
717,0.006287354975938797,0.006293701007962227,0.10575757575757576,0.11181818181818182
718,0.0062849149107933044,0.006291315425187349,0.10545454545454545,0.11181818181818182
719,0.006282457150518894,0.006288907956331968,0.10545454545454545,0.11181818181818182
720,0.006280037574470043,0.0062865326181054115,0.10515151515151515,0.11090909090909092
721,0.006277581211179495,0.006284134928137064,0.10515151515151515,0.11090909090909092
722,0.006275136489421129,0.006281753536313772,0.10515151515151515,0.11
723,0.006272702477872372,0.006279378198087215,0.10515151515151515,0.11
724,0.006270268931984901,0.006277009844779968,0.10515151515151515,0.11090909090909092
725,0.006267838180065155,0.006274635903537273,0.10515151515151515,0.11090909090909092
726,0.006265419535338879,0.006272271741181612,0.10515151515151515,0.11
727,0.00626300647854805,0.0062699094414711,0.10515151515151515,0.11
728,0.006260573863983154,0.0062675466760993,0.10515151515151515,0.11090909090909092
729,0.006258166395127773,0.006265187636017799,0.10515151515151515,0.11090909090909092
730,0.006255751475691795,0.006262836512178183,0.10515151515151515,0.11090909090909092
731,0.006253339815884829,0.006260486785322428,0.10484848484848484,0.11272727272727273
732,0.006250935140997171,0.00625814963132143,0.10575757575757576,0.11272727272727273
733,0.0062485323287546635,0.006255789659917355,0.10636363636363637,0.11181818181818182
734,0.006246115546673536,0.006253442727029324,0.10636363636363637,0.11272727272727273
735,0.006243721581995487,0.006251096725463867,0.10666666666666667,0.11181818181818182
736,0.006241363473236561,0.006248770281672478,0.10696969696969696,0.11181818181818182
737,0.006238928996026516,0.006246422417461872,0.10727272727272727,0.11181818181818182
738,0.006236547604203224,0.0062440987676382065,0.10727272727272727,0.11181818181818182
739,0.00623417180031538,0.006241766735911369,0.10696969696969696,0.11181818181818182
740,0.006231771782040596,0.006239444017410278,0.10696969696969696,0.11272727272727273
741,0.006229403428733349,0.006237121764570475,0.10727272727272727,0.11272727272727273
742,0.006227022036910057,0.006234797649085522,0.10727272727272727,0.11272727272727273
743,0.006224638782441616,0.006232480518519878,0.10757575757575757,0.11181818181818182
744,0.00622227368876338,0.006230160128325224,0.10757575757575757,0.11181818181818182
745,0.0062198881059885025,0.00622783787548542,0.10787878787878788,0.11181818181818182
746,0.006217557471245527,0.0062255822122097015,0.10787878787878788,0.11363636363636363
747,0.006215156987309456,0.006223232485353947,0.10848484848484849,0.11363636363636363
748,0.00621280912309885,0.006220927461981773,0.1087878787878788,0.11272727272727273
749,0.0062104398384690285,0.006218628957867622,0.1087878787878788,0.11272727272727273
750,0.006208088714629412,0.006216340698301792,0.10909090909090909,0.11272727272727273
751,0.006205720826983452,0.006214022636413574,0.10909090909090909,0.11272727272727273
752,0.006203388795256615,0.006211735308170319,0.10939393939393939,0.11272727272727273
753,0.006201029755175114,0.006209442391991615,0.11,0.11363636363636363
754,0.006198680028319359,0.00620714807882905,0.11,0.11363636363636363
755,0.006196355447173119,0.006204875651746988,0.11,0.11363636363636363
756,0.0061940355226397514,0.006202607415616512,0.1103030303030303,0.11363636363636363
757,0.006191695109009743,0.006200331263244152,0.11060606060606061,0.11363636363636363
758,0.006189393810927868,0.006198085844516754,0.1103030303030303,0.11363636363636363
759,0.0061870720237493515,0.006195826921612024,0.11,0.11272727272727273
760,0.0061847493052482605,0.006193557754158974,0.11,0.11272727272727273
761,0.006182433106005192,0.006191300228238106,0.11,0.11363636363636363
762,0.006180120632052422,0.006189047358930111,0.11,0.11454545454545455
763,0.00617782399058342,0.006186803337186575,0.11,0.11454545454545455
764,0.0061755310744047165,0.00618457468226552,0.1096969696969697,0.11454545454545455
765,0.006173226982355118,0.006182332523167133,0.11,0.11454545454545455
766,0.0061709145084023476,0.006180068477988243,0.11,0.11454545454545455
767,0.006168622523546219,0.006177833303809166,0.1103030303030303,0.11454545454545455
768,0.006166333332657814,0.00617559626698494,0.11,0.11454545454545455
769,0.006164032965898514,0.0061733657494187355,0.11,0.11454545454545455
770,0.0061617568135261536,0.0061711412854492664,0.11,0.11454545454545455
771,0.006159489508718252,0.006168952211737633,0.1103030303030303,0.11454545454545455
772,0.006157165393233299,0.006166674662381411,0.1103030303030303,0.11454545454545455
773,0.0061548929661512375,0.006164467893540859,0.11060606060606061,0.11454545454545455
774,0.006152614019811153,0.00616223132237792,0.1103030303030303,0.11454545454545455
775,0.006150335539132357,0.006160019896924496,0.1103030303030303,0.11454545454545455
776,0.006148052867501974,0.006157792638987303,0.1103030303030303,0.11454545454545455
777,0.006145775318145752,0.006155575625598431,0.1103030303030303,0.11454545454545455
778,0.006143513135612011,0.006153368391096592,0.1103030303030303,0.11454545454545455
779,0.006141232326626778,0.006151152774691582,0.11090909090909092,0.11454545454545455
780,0.006138973403722048,0.0061489613726735115,0.11090909090909092,0.11454545454545455
781,0.006136709824204445,0.006146748550236225,0.11090909090909092,0.11454545454545455
782,0.006134456023573875,0.006144548766314983,0.1112121212121212,0.11454545454545455
783,0.006132200360298157,0.006142348051071167,0.1112121212121212,0.11454545454545455
784,0.006129926070570946,0.006140141747891903,0.11090909090909092,0.11454545454545455
785,0.006127683445811272,0.0061379605904221535,0.1112121212121212,0.11454545454545455
786,0.00612542312592268,0.006135756149888039,0.1112121212121212,0.11454545454545455
787,0.006123190280050039,0.006133595481514931,0.11151515151515151,0.11454545454545455
788,0.006120942533016205,0.006131400354206562,0.11151515151515151,0.11454545454545455
789,0.0061186873354017735,0.0061291977763175964,0.11151515151515151,0.11454545454545455
790,0.0061164554208517075,0.006127017550170422,0.11151515151515151,0.11454545454545455
791,0.006114212796092033,0.006124846637248993,0.11151515151515151,0.11454545454545455
792,0.006111977621912956,0.0061226533725857735,0.11151515151515151,0.11454545454545455
793,0.006109748966991901,0.006120480131357908,0.1112121212121212,0.11454545454545455
794,0.0061075082048773766,0.006118309684097767,0.1112121212121212,0.11363636363636363
795,0.006105286534875631,0.006116134114563465,0.11090909090909092,0.11363636363636363
796,0.00610306253656745,0.006113968323916197,0.1112121212121212,0.11363636363636363
797,0.006100822240114212,0.0061117978766560555,0.11181818181818182,0.11363636363636363
798,0.006098610814660788,0.006109639070928097,0.11212121212121212,0.11363636363636363
799,0.00609638262540102,0.006107474211603403,0.11212121212121212,0.11363636363636363
800,0.006094173528254032,0.006105330772697926,0.11181818181818182,0.11363636363636363
801,0.006091982126235962,0.0061031971126794815,0.11212121212121212,0.11272727272727273
802,0.006089754868298769,0.0061010150238871574,0.11272727272727273,0.11272727272727273
803,0.006087535992264748,0.006098863203078508,0.11272727272727273,0.11272727272727273
804,0.006085321307182312,0.006096711382269859,0.11272727272727273,0.11272727272727273
805,0.00608311640098691,0.006094563752412796,0.11272727272727273,0.11363636363636363
806,0.006080901250243187,0.006092415191233158,0.11272727272727273,0.11363636363636363
807,0.006078706122934818,0.006090275943279266,0.11303030303030304,0.11363636363636363
808,0.006076527293771505,0.006088146008551121,0.11303030303030304,0.11363636363636363
809,0.006074304226785898,0.006085995584726334,0.11272727272727273,0.11363636363636363
810,0.006072108633816242,0.006083870772272348,0.11303030303030304,0.11363636363636363
811,0.006069923751056194,0.006081730592995882,0.11303030303030304,0.11363636363636363
812,0.006067734211683273,0.006079601123929024,0.11303030303030304,0.11363636363636363
813,0.0060655358247458935,0.006077473051846027,0.11424242424242424,0.11363636363636363
814,0.006063345819711685,0.00607534684240818,0.11424242424242424,0.11363636363636363
815,0.006061159074306488,0.006073221564292908,0.11424242424242424,0.11363636363636363
816,0.006058982573449612,0.006071105599403381,0.11454545454545455,0.11363636363636363
817,0.006056810263544321,0.006068989634513855,0.11454545454545455,0.11363636363636363
818,0.006054640281945467,0.006066878326237202,0.11454545454545455,0.11363636363636363
819,0.00605245353654027,0.006064757704734802,0.11515151515151516,0.11363636363636363
820,0.006050284951925278,0.00606265664100647,0.11545454545454545,0.11363636363636363
821,0.006048115901648998,0.00606054812669754,0.11545454545454545,0.11363636363636363
822,0.006045954301953316,0.006058438215404749,0.11545454545454545,0.11363636363636363
823,0.006043813657015562,0.006056378595530987,0.11515151515151516,0.11363636363636363
824,0.0060416352935135365,0.006054257974028587,0.11515151515151516,0.11363636363636363
825,0.006039466708898544,0.006052136421203613,0.11515151515151516,0.11363636363636363
826,0.006037330254912376,0.006050043739378452,0.11545454545454545,0.11363636363636363
827,0.0060351574793457985,0.006047945003956556,0.11575757575757575,0.11454545454545455
828,0.006033003330230713,0.006045845802873373,0.11606060606060606,0.11454545454545455
829,0.006030871532857418,0.006043761037290096,0.11606060606060606,0.11454545454545455
830,0.006028689444065094,0.0060416655614972115,0.11575757575757575,0.11454545454545455
831,0.006026545539498329,0.006039573810994625,0.11575757575757575,0.11545454545454545
832,0.0060243913903832436,0.006037492770701647,0.11545454545454545,0.11545454545454545
833,0.006022247951477766,0.006035410799086094,0.11545454545454545,0.11545454545454545
834,0.006020106375217438,0.006033332087099552,0.11545454545454545,0.11636363636363636
835,0.006017980165779591,0.006031261291354895,0.11575757575757575,0.11636363636363636
836,0.006015851628035307,0.006029214709997177,0.11636363636363636,0.11636363636363636
837,0.006013690959662199,0.0060271089896559715,0.11666666666666667,0.11636363636363636
838,0.006011566612869501,0.006025038659572601,0.11666666666666667,0.11636363636363636
839,0.006009441800415516,0.006022972986102104,0.11666666666666667,0.11636363636363636
840,0.006007307209074497,0.006020913831889629,0.11696969696969697,0.11636363636363636
841,0.006005174480378628,0.00601884163916111,0.11696969696969697,0.11636363636363636
842,0.0060030557215213776,0.006016789004206657,0.11727272727272728,0.11636363636363636
843,0.006000952795147896,0.0060147494077682495,0.11727272727272728,0.11636363636363636
844,0.005998831707984209,0.0060126762837171555,0.11696969696969697,0.11636363636363636
845,0.0059967138804495335,0.006010620854794979,0.11696969696969697,0.11636363636363636
846,0.005994601175189018,0.006008582655340433,0.11666666666666667,0.11636363636363636
847,0.005992484744638205,0.006006510928273201,0.11666666666666667,0.11636363636363636
848,0.005990377627313137,0.006004465743899345,0.11666666666666667,0.11545454545454545
849,0.005988282151520252,0.006002431269735098,0.11666666666666667,0.11454545454545455
850,0.005986172705888748,0.0060003818944096565,0.11636363636363636,0.11454545454545455
851,0.005984063725918531,0.005998337175697088,0.11636363636363636,0.11454545454545455
852,0.005981968715786934,0.0059963008388876915,0.11636363636363636,0.11454545454545455
853,0.005979885347187519,0.005994267296046019,0.11636363636363636,0.11363636363636363
854,0.00597777683287859,0.005992241203784943,0.11636363636363636,0.11363636363636363
855,0.00597568042576313,0.005990205332636833,0.11606060606060606,0.11363636363636363
856,0.005973600782454014,0.005988186225295067,0.11606060606060606,0.11363636363636363
857,0.00597151555120945,0.005986159201711416,0.11575757575757575,0.11363636363636363
858,0.005969417281448841,0.005984132178127766,0.11515151515151516,0.11454545454545455
859,0.005967363715171814,0.0059821465983986855,0.11575757575757575,0.11454545454545455
860,0.005965270102024078,0.005980109330266714,0.11545454545454545,0.11454545454545455
861,0.005963165313005447,0.005978061817586422,0.11545454545454545,0.11454545454545455
862,0.00596108753234148,0.0059760455042123795,0.11545454545454545,0.11454545454545455
863,0.005959013476967812,0.005974035710096359,0.11545454545454545,0.11454545454545455
864,0.00595694687217474,0.005972025450319052,0.11545454545454545,0.11454545454545455
865,0.005954869091510773,0.005970018450170755,0.11515151515151516,0.11454545454545455
866,0.005952800624072552,0.005968010984361172,0.11484848484848485,0.11454545454545455
867,0.00595074612647295,0.00596600491553545,0.11484848484848485,0.11454545454545455
868,0.005948666483163834,0.0059639946557581425,0.11515151515151516,0.11363636363636363
869,0.005946602206677198,0.005961993709206581,0.11515151515151516,0.11363636363636363
870,0.005944553762674332,0.0059600211679935455,0.11484848484848485,0.11363636363636363
871,0.005942491814494133,0.005957997404038906,0.11515151515151516,0.11363636363636363
872,0.005940417293459177,0.0059560020454227924,0.11454545454545455,0.11363636363636363
873,0.00593839306384325,0.0059540462680161,0.11454545454545455,0.11454545454545455
874,0.005936304107308388,0.005952014587819576,0.11424242424242424,0.11272727272727273
875,0.005934262648224831,0.005950020160526037,0.11393939393939394,0.11272727272727273
876,0.005932213738560677,0.00594803411513567,0.11393939393939394,0.11272727272727273
877,0.0059301722794771194,0.005946071352809668,0.11393939393939394,0.11181818181818182
878,0.005928110331296921,0.005944068543612957,0.11393939393939394,0.11272727272727273
879,0.005926068872213364,0.005942082963883877,0.11333333333333333,0.11181818181818182
880,0.005924029275774956,0.005940105766057968,0.11303030303030304,0.11181818181818182
881,0.005921998992562294,0.005938127636909485,0.11272727272727273,0.11272727272727273
882,0.005919978022575378,0.00593618955463171,0.11242424242424243,0.11272727272727273
883,0.005917912349104881,0.005934177897870541,0.11212121212121212,0.11181818181818182
884,0.005915909074246883,0.005932215601205826,0.11181818181818182,0.11181818181818182
885,0.00591387040913105,0.0059302435256540775,0.11181818181818182,0.11181818181818182
886,0.00591182429343462,0.005928266793489456,0.11181818181818182,0.11181818181818182
887,0.005909794010221958,0.0059263017028570175,0.11212121212121212,0.11272727272727273
888,0.005907769780606031,0.0059243361465632915,0.11181818181818182,0.11272727272727273
889,0.005905758589506149,0.005922377575188875,0.11181818181818182,0.11090909090909092
890,0.005903744604438543,0.0059204394929111,0.11181818181818182,0.11181818181818182
891,0.00590171804651618,0.005918465554714203,0.11181818181818182,0.11181818181818182
892,0.005899700336158276,0.005916512105613947,0.11212121212121212,0.11181818181818182
893,0.005897681228816509,0.0059145609848201275,0.11212121212121212,0.11181818181818182
894,0.00589569378644228,0.005912641994655132,0.11212121212121212,0.11181818181818182
895,0.0058936732821166515,0.005910675041377544,0.11242424242424243,0.11181818181818182
896,0.005891664884984493,0.00590872298926115,0.11272727272727273,0.11181818181818182
897,0.005889653693884611,0.005906775593757629,0.11272727272727273,0.11181818181818182
898,0.005887654609978199,0.0059048389084637165,0.11272727272727273,0.11181818181818182
899,0.005885658785700798,0.005902901291847229,0.11242424242424243,0.11181818181818182
900,0.005883653648197651,0.00590096227824688,0.11242424242424243,0.11181818181818182
901,0.005881672725081444,0.005899033043533564,0.11242424242424243,0.11181818181818182
902,0.005879668518900871,0.005897105671465397,0.11242424242424243,0.11181818181818182
903,0.005877719260752201,0.005895187146961689,0.11242424242424243,0.11181818181818182
904,0.005875703413039446,0.0058932434767484665,0.11212121212121212,0.11181818181818182
905,0.005873707123100758,0.005891323555260897,0.11212121212121212,0.11181818181818182
906,0.005871763452887535,0.005889450665563345,0.11212121212121212,0.11181818181818182
907,0.00586974062025547,0.005887477193027735,0.11242424242424243,0.11181818181818182
908,0.005867760628461838,0.005885546561330557,0.11212121212121212,0.11181818181818182
909,0.005865782964974642,0.0058836317621171474,0.11212121212121212,0.11181818181818182
910,0.0058638062328100204,0.005881716497242451,0.11242424242424243,0.11272727272727273
911,0.0058618527837097645,0.005879832431674004,0.11303030303030304,0.11272727272727273
912,0.005859867203980684,0.005877900402992964,0.11303030303030304,0.11272727272727273
913,0.005857908166944981,0.005875995382666588,0.11303030303030304,0.11272727272727273
914,0.005855925381183624,0.0058740898966789246,0.11333333333333333,0.11272727272727273
915,0.00585396122187376,0.005872187204658985,0.11363636363636363,0.11272727272727273
916,0.005851998925209045,0.0058702873066067696,0.11363636363636363,0.11363636363636363
917,0.005850043147802353,0.0058683911338448524,0.11333333333333333,0.11272727272727273
918,0.005848112516105175,0.005866500549018383,0.11303030303030304,0.11272727272727273
919,0.005846143700182438,0.005864620208740234,0.11303030303030304,0.11272727272727273
920,0.005844180937856436,0.005862719379365444,0.11303030303030304,0.11272727272727273
921,0.005842234008014202,0.0058608222752809525,0.11333333333333333,0.11272727272727273
922,0.005840281955897808,0.005858931224793196,0.11363636363636363,0.11272727272727273
923,0.005838340613991022,0.005857047624886036,0.11363636363636363,0.11181818181818182
924,0.005836391821503639,0.005855166353285313,0.11393939393939394,0.11181818181818182
925,0.005834444426000118,0.005853274837136269,0.11333333333333333,0.11181818181818182
926,0.00583251379430294,0.005851419176906347,0.11333333333333333,0.11181818181818182
927,0.005830557085573673,0.005849516950547695,0.11333333333333333,0.11181818181818182
928,0.0058286478742957115,0.0058476803824305534,0.11363636363636363,0.11181818181818182
929,0.0058266944251954556,0.005845790728926659,0.11363636363636363,0.11181818181818182
930,0.005824750754982233,0.005843897350132465,0.11333333333333333,0.11181818181818182
931,0.005822830833494663,0.005842048674821854,0.11333333333333333,0.11181818181818182
932,0.005820910912007093,0.005840168334543705,0.11333333333333333,0.11090909090909092
933,0.005818958394229412,0.005838291719555855,0.11363636363636363,0.11090909090909092
934,0.0058170342817902565,0.005836427211761475,0.11363636363636363,0.11090909090909092
935,0.005815110169351101,0.005834565497934818,0.11424242424242424,0.11090909090909092
936,0.005813188850879669,0.00583269726485014,0.11424242424242424,0.11090909090909092
937,0.0058112721890211105,0.00583083787932992,0.11424242424242424,0.11090909090909092
938,0.005809357389807701,0.005828980356454849,0.11393939393939394,0.11090909090909092
939,0.005807420238852501,0.005827117711305618,0.11393939393939394,0.11090909090909092
940,0.00580550218001008,0.005825267173349857,0.11393939393939394,0.11090909090909092
941,0.005803596694022417,0.005823427811264992,0.11424242424242424,0.11181818181818182
942,0.005801668856292963,0.005821559112519026,0.11424242424242424,0.11181818181818182
943,0.0057997750118374825,0.0058197034522891045,0.11424242424242424,0.11181818181818182
944,0.005797823425382376,0.005817834287881851,0.11424242424242424,0.11090909090909092
945,0.005795936565846205,0.005815992131829262,0.11424242424242424,0.11090909090909092
946,0.005794004071503878,0.005814146250486374,0.11454545454545455,0.11181818181818182
947,0.005792106501758099,0.005812299437820911,0.11454545454545455,0.11181818181818182
948,0.005790184251964092,0.005810443311929703,0.11424242424242424,0.11181818181818182
949,0.005788273178040981,0.005808599293231964,0.11393939393939394,0.11181818181818182
950,0.00578637421131134,0.005806765519082546,0.11393939393939394,0.11272727272727273
951,0.005784455221146345,0.005804914981126785,0.11393939393939394,0.11272727272727273
952,0.005782567895948887,0.005803084932267666,0.11393939393939394,0.11272727272727273
953,0.005780657287687063,0.0058012474328279495,0.11393939393939394,0.11272727272727273
954,0.005778780207037926,0.005799413658678532,0.11393939393939394,0.11272727272727273
955,0.005776881240308285,0.005797594785690308,0.11393939393939394,0.11272727272727273
956,0.005774976685643196,0.005795756354928017,0.11393939393939394,0.11272727272727273
957,0.005773098208010197,0.005793949589133263,0.11393939393939394,0.11272727272727273
958,0.005771198775619268,0.005792112089693546,0.11424242424242424,0.11272727272727273
959,0.0057693226262927055,0.005790296941995621,0.11424242424242424,0.11272727272727273
960,0.005767432507127523,0.005788464564830065,0.11393939393939394,0.11272727272727273
961,0.005765554495155811,0.005786646157503128,0.11424242424242424,0.11272727272727273
962,0.005763653665781021,0.005784816108644009,0.11424242424242424,0.11272727272727273
963,0.005761792883276939,0.005783027969300747,0.11424242424242424,0.11272727272727273
964,0.00575991440564394,0.005781199783086777,0.11454545454545455,0.11272727272727273
965,0.005758032202720642,0.0057793837040662766,0.11424242424242424,0.11272727272727273
966,0.005756157450377941,0.0057775708846747875,0.11454545454545455,0.11272727272727273
967,0.005754288285970688,0.005775760393589735,0.11454545454545455,0.11272727272727273
968,0.005752424709498882,0.005773965734988451,0.11454545454545455,0.11272727272727273
969,0.005750561133027077,0.005772165954113007,0.11545454545454545,0.11272727272727273
970,0.00574868731200695,0.005770355928689241,0.11515151515151516,0.11272727272727273
971,0.005746830254793167,0.005768562667071819,0.11545454545454545,0.11363636363636363
972,0.005744966212660074,0.00576675683259964,0.11545454545454545,0.11363636363636363
973,0.005743107292801142,0.005764953792095184,0.11545454545454545,0.11363636363636363
974,0.0057412502355873585,0.0057631591334939,0.11545454545454545,0.11363636363636363
975,0.005739394575357437,0.005761368200182915,0.11545454545454545,0.11454545454545455
976,0.00573752773925662,0.005759574007242918,0.11545454545454545,0.11363636363636363
977,0.005735686048865318,0.005757784470915794,0.11545454545454545,0.11363636363636363
978,0.0057338327169418335,0.005755999591201544,0.11545454545454545,0.11363636363636363
979,0.005731992423534393,0.005754218436777592,0.11545454545454545,0.11363636363636363
980,0.005730129778385162,0.005752429366111755,0.11545454545454545,0.11363636363636363
981,0.005728294141590595,0.005750648211687803,0.11545454545454545,0.11454545454545455
982,0.005726447328925133,0.005748888477683067,0.11575757575757575,0.11363636363636363
983,0.005724589340388775,0.005747093819081783,0.11575757575757575,0.11363636363636363
984,0.005722764879465103,0.005745319649577141,0.11606060606060606,0.11363636363636363
985,0.00572091992944479,0.005743545480072498,0.11606060606060606,0.11454545454545455
986,0.005719083361327648,0.005741774570196867,0.11606060606060606,0.11454545454545455
987,0.005717237945646048,0.005740001797676086,0.11636363636363636,0.11454545454545455
988,0.005715417675673962,0.005738253705203533,0.11636363636363636,0.11454545454545455
989,0.005713578313589096,0.0057364702224731445,0.11636363636363636,0.11454545454545455
990,0.005711743608117104,0.005734698846936226,0.11636363636363636,0.11454545454545455
991,0.005709915421903133,0.005732939578592777,0.11636363636363636,0.11454545454545455
992,0.005708102136850357,0.005731197074055672,0.11636363636363636,0.11454545454545455
993,0.005706265568733215,0.00572942104190588,0.11636363636363636,0.11454545454545455
994,0.005704444833099842,0.005727662239223719,0.11606060606060606,0.11454545454545455
995,0.005702637135982513,0.005725922994315624,0.11636363636363636,0.11363636363636363
996,0.005700817331671715,0.005724156275391579,0.11606060606060606,0.11545454545454545
997,0.005698989611119032,0.005722397472709417,0.11606060606060606,0.11454545454545455
998,0.005697183310985565,0.0057206470519304276,0.11606060606060606,0.11545454545454545
999,0.005695371422916651,0.0057189008221030235,0.11636363636363636,0.11545454545454545
